,mean,std,min,max
rank_concordance,0.9813333333333333,0.08231779336739063,0.3333333333333333,1.0
